ID,TITLE,DESCRIPTION,PRIORITY,STATUS,DUE_DATE
1,santiago,ejflasjfdlñkjañdlsk,LOW,TODO,2026-04-04
2,santiago,ejflasjfdlñkjañdlsk,LOW,TODO,2026-04-04
3,santiago,ejflasjfdlñkjañdlsk,LOW,TODO,2026-04-04
4,santiago,ejflasjfdlñkjañdlsk,LOW,TODO,2026-04-04
5,santiago,ejflasjfdlñkjañdlsk,LOW,TODO,2026-04-04
6,santiago,ejflasjfdlñkjañdlsk,LOW,TODO,2026-04-04
7,santiago,ejflasjfdlñkjañdlsk,LOW,TODO,2026-04-04
8,santiago,ejflasjfdlñkjañdlsk,LOW,TODO,2026-04-04
9,santiago,ejflasjfdlñkjañdlsk,LOW,TODO,2026-04-04
10,santiago,ejflasjfdlñkjañdlsk,LOW,TODO,2026-04-04
11,santiago,ejflasjfdlñkjañdlsk,LOW,TODO,2026-04-04
12,santiago,ejflasjfdlñkjañdlsk,LOW,TODO,2026-04-04
13,santiago,ejflasjfdlñkjañdlsk,MEDIUM,TODO,2026-04-04
14,santiago,ejflasjfdlñkjañdlsk,MEDIUM,TODO,2026-04-04
15,santiago,ejflasjfdlñkjañdlsk,MEDIUM,TODO,2026-04-04
16,santiago,ejflasjfdlñkjañdlsk,MEDIUM,TODO,2026-04-04
17,santiago,ejflasjfdlñkjañdlsk,MEDIUM,INPROGRESS,2026-04-04
18,santiago,ejflasjfdlñkjañdlsk,MEDIUM,INPROGRESS,2026-04-04
19,santiago,ejflasjfdlñkjañdlsk,MEDIUM,INPROGRESS,2026-04-04
20,santiago,ejflasjfdlñkjañdlsk,MEDIUM,INPROGRESS,2026-04-04
